jar,mod_ids,display_names,jar_mib,model_pressure_score,files_total,assets_files,data_files,blockstates,block_models,item_models,textures_png,geo_models,animations,lang_files,recipes,loot_tables,worldgen,tags,patchouli_json,guide_json,namespaces
AE2-Things-1.2.1.jar,ae2things,AE2 Things,0.07,45.0,58,28,11,0,0,6,11,0,0,5,11,0,0,0,0,0,ae2things:38;minecraft:1
AE2NetworkAnalyzer-1.20-1.0.6-forge.jar,ae2netanalyser,AE2NetworkAnalyzer,0.79,9.0,53,12,2,0,0,1,3,0,0,3,1,0,0,0,0,0,ae2netanalyser:12;ae2:2
AEAdditions-1.20.1-5.1.1.jar,ae2additions,AE Additions,0.74,718.0,587,223,170,5,51,63,98,0,0,2,111,0,0,0,0,0,ae2additions:393
AdLods-1.20.1-8.1.9.0-build.2084.jar,adlods,Large Ore Deposits,0.2,12.0,98,0,19,0,0,0,0,0,0,0,0,0,4,11,0,0,forge:11;adlods:8
AdPother-1.20.1-8.1.43.0-build.2132.jar,adpother,Pollution of the Realms,0.82,215.0,540,75,43,7,16,21,14,0,0,6,14,6,1,6,0,0,adpother:111;minecraft:4;curios:2;forge:1
Additional-Weaponry-1.20.1-1.1.3.jar,additionalweaponry,Additional Weaponry,1.62,6214.0,3345,3175,150,0,0,35,3054,0,0,2,36,0,0,63,0,0,additionalweaponry:3225;tconstruct:91;minecraft:4;c:2;forge:2;tinkers_things:1
AdvancedAE-1.3.5-1.20.1.jar,advanced_ae,Advanced AE,2.37,817.0,922,407,208,17,34,68,142,2,1,18,99,16,0,26,0,0,advanced_ae:556;ae2:35;forge:10;minecraft:7;c:5;curios:2
AmbientSounds_FORGE_v6.3.4_mc1.20.1.jar,ambientsounds,AmbientSounds,50.95,0.0,272,201,0,0,0,0,0,0,0,0,0,0,0,0,0,0,ambientsounds:201
Apotheosis-1.20.1-7.4.8.jar,apotheosis,Apotheosis,2.67,1358.8,2230,1144,554,37,46,104,263,0,0,10,99,7,22,19,1,1,apotheosis:1689;minecraft:6;forge:2;curios:1
ApotheoticAdditionsV2.2.2.jar,apotheotic_additions,Apotheotic Additions,1.29,952.0,2018,309,1665,21,29,108,110,0,0,5,236,9,0,31,0,0,apotheotic_additions:1781;apotheosis:180;forge:5;alexscaves:4;malum:2;curios:1;minecraft:1
ApothicAttributes-1.20.1-1.3.7.jar,attributeslib,Apothic Attributes,0.22,20.0,149,21,8,0,0,0,10,0,0,8,0,0,0,3,0,0,attributeslib:26;forge:2;minecraft:1
BOMD-Forge-1.20.1-1.1.2.jar,bosses_of_mass_destruction,Bosses of Mass Destruction,1.67,624.0,641,297,57,12,20,24,158,6,6,7,7,9,12,13,0,0,bosses_of_mass_destruction:351;minecraft:2;c:1
BetterGrassify-1.4.4+forge.1.20.1.jar,bettergrass,BetterGrassify,0.32,0.0,34,11,0,0,0,0,0,0,0,9,0,0,0,0,0,0,bettergrass:11
Block Swap-forge-1.20.1-5.0.0.0.jar,blockswap,Block Swap,0.29,0.0,77,1,0,0,0,0,0,0,0,0,0,0,0,0,0,0,blockswap:1
Botania-1.20.1-451-FORGE.jar,botania,Botania,11.64,16807.8,9205,4450,3370,678,1324,895,1070,0,0,15,1302,827,20,284,1,1,botania:7638;minecraft:91;forge:79;curios:7;quark:3;buzzier_bees:1;c:1
BrewinAndChewin-1.20.1-3.2.1.jar,brewinandchewin,Brewin' And Chewin',1.15,1637.0,1091,558,288,31,138,48,225,0,0,3,208,7,0,15,0,0,brewinandchewin:837;minecraft:3;farmersdelight:2;origins:2;emi:1;forge:1
BuildingWands-forge-MC1.20.1-3.0.4.jar,wands,Building Wands,0.43,116.0,247,73,21,0,0,10,43,0,0,9,10,0,0,1,0,0,wands:93;minecraft:1
CerbonsAPI-Forge-1.20.1-1.1.0.jar,cerbons_api,Cerbons API,0.23,0.0,97,0,0,0,0,0,0,0,0,0,0,0,0,0,0,0,
Cobble-Gen-Haters-1.20-1.0.1.jar,cobblegenhaters,Cobble Gen Hater,0.0,0.0,5,0,1,0,0,0,0,0,0,0,0,0,0,1,0,0,cobblegenhaters:1
ColdSweat-2.4.jar,cold_sweat,Cold Sweat,2.49,662.0,1182,305,179,9,24,44,169,0,0,11,39,14,3,54,0,0,cold_sweat:450;forge:17;minecraft:15;curios:2
Controlling-forge-1.20.1-12.0.2.jar,controlling,Controlling,0.11,0.0,73,23,0,0,0,0,0,0,0,23,0,0,0,0,0,0,controlling:23
CreativeCore_FORGE_v2.12.35_mc1.20.1.jar,creativecore,CreativeCore,1.09,2.0,661,12,0,0,0,0,1,0,0,10,0,0,0,0,0,0,creativecore:12
Delightful-1.20.1-3.7.8.jar,delightful,Delightful,1.53,3660.0,2680,1059,1397,48,254,179,410,0,0,16,858,48,6,306,0,0,delightful:1867;forge:189;farmersdelight:46;minecraft:28;thermal:27;wildberries:18;brewinandchewin:13;hearthandharvest:9
Ding-1.20.1-Forge-1.5.0.jar,ding,Ding,0.04,0.0,16,3,0,0,0,0,0,0,0,3,0,0,0,0,0,0,ding:3
DistantHorizons-2.4.5-b-1.20.1-fabric-forge.jar,distanthorizons,Distant Horizons,24.2,10.0,1582,13,0,0,0,0,5,0,0,2,0,0,0,0,0,0,distanthorizons:13
DynamicTrees-1.20.1-1.4.10.jar,dynamictrees,Dynamic Trees,3.58,1324.8,1307,360,137,88,93,35,65,0,0,14,3,68,20,40,1,1,dynamictrees:452;minecraft:45
DynamicTreesArsNouveau-1.20.1-1.2.0.jar,dtarsnouveau,Dynamic Trees for Ars Nouveau,0.27,1346.8,349,273,38,30,218,10,13,0,0,1,0,30,0,7,1,1,dtarsnouveau:302;dynamictrees:8;ars_nouveau:1
DynamicTreesPlus-1.20.1-1.2.2.jar,dynamictreesplus,Dynamic Trees Plus,0.51,258.0,194,77,18,14,25,7,13,0,0,14,0,9,0,9,0,0,dynamictreesplus:81;dynamictrees:13;minecraft:1
DynamicTreesQuark-1.20.1-2.5.3.jar,dtquark,Dynamic Trees for Quark,0.44,328.0,167,70,44,23,21,11,14,0,0,1,0,29,2,10,0,0,dtquark:103;dynamictrees:10;forge:1
EnigmaticLegacy-2.30.1.jar,enigmaticlegacy,Enigmatic Legacy,6.94,1298.8,1541,807,330,11,29,208,289,0,0,7,93,0,0,23,1,1,enigmaticlegacy:1065;minecraft:65;curios:5;forge:1;randomium:1
Excessive Building 1.20.1-1.20.1-3.0.1.jar,excessive_building,Excessive Building,4.83,27791.0,9344,6097,3124,1389,2494,1338,817,0,0,4,1256,1274,49,69,0,0,excessive_building:9145;minecraft:72;forge:4
Explosion-Overhaul-0.2.3.0-forge-.jar,explosionoverhaul,Explosion Overhaul: A new level of destruction,80.53,51.0,625,444,0,1,1,2,15,1,1,4,0,0,0,0,0,0,explosionoverhaul:444
ExtendedAE-1.20-1.4.14-forge.jar,expatternprovider,ExtendedAE,2.8,989.0,1158,628,156,23,65,55,162,0,0,7,69,23,0,11,0,0,expatternprovider:714;ae2:63;forge:5;curios:1;minecraft:1
Fallout Wasteland 1.20.1 Beta 3.8.1.jar,fallout_wastelands_,Fallout_Wastelands_2,5.32,8862.0,4549,2353,971,336,620,570,723,7,7,1,315,362,147,47,0,0,fallout_wastelands_:3286;minecraft:37;forge:1
FarmersDelight-1.20.1-1.2.11a.jar,farmersdelight,Farmer's Delight,2.83,3225.0,2071,927,885,126,163,179,395,0,0,44,346,103,19,147,0,0,farmersdelight:1695;forge:75;minecraft:26;sereneseasons:9;create:3;createaddition:2;origins:1;tconstruct:1
FastFurnace-1.20.1-8.0.2.jar,fastfurnace,FastFurnace,0.01,0.0,8,0,0,0,0,0,0,0,0,0,0,0,0,0,0,0,
FastWorkbench-1.20.1-8.0.4.jar,fastbench,Fast Workbench,0.03,0.0,24,2,0,0,0,0,0,0,0,2,0,0,0,0,0,0,fastbench:2
ForgeEndertech-1.20.1-11.1.10.0-build.2048.jar,forgeendertech,ForgeEndertech,0.53,10.0,287,5,0,0,0,0,5,0,0,0,0,0,0,0,0,0,forgeendertech:5
FramedBlocks-9.4.3.jar,framedblocks,FramedBlocks,4.05,2865.0,2766,564,884,206,103,200,50,0,0,2,408,206,0,35,0,0,framedblocks:1417;minecraft:25;forge:5;diagonalwindows:1
Geophilic v3.4.6.mod.jar,geophilic,Geophilic,0.72,975.0,860,0,325,0,0,0,0,0,0,0,0,0,325,0,0,0,geophilic:296;minecraft:29
Glodium-1.20-1.5-forge.jar,glodium,Glodium,0.06,0.0,39,0,0,0,0,0,0,0,0,0,0,0,0,0,0,0,
HangGlider-v8.0.1-1.20.1-Forge.jar,hangglider,Hang Glider,0.13,40.0,79,21,8,0,0,7,11,0,0,2,4,0,0,0,0,0,hangglider:28;minecraft:1
Hyle-2.0.0-1.20.1-forge-all.jar,hyle,Hyle,0.19,6.0,67,0,5,0,0,0,0,0,0,0,0,0,2,3,0,0,hyle:5
Incendium_1.20.x_v5.3.5.jar,incendium,Incendium,4.42,1662.0,4117,27,3630,0,0,0,0,0,0,27,8,172,494,69,0,0,incendium:3518;minecraft:129;load:4;c:3;forge:3
JsonThings-1.20.1-0.9.13.jar,jsonthings,Json Things,0.5,0.0,238,0,0,0,0,0,0,0,0,0,0,0,0,0,0,0,
KubeJS Blood Magic-1.0.2-1.20.1.jar,kubejsbloodmagic,KubeJS Blood Magic,0.01,0.0,15,0,0,0,0,0,0,0,0,0,0,0,0,0,0,0,
LavaClearView-1.20.1-forge-7.0.0.jar,clearview,Lava Clear View,0.0,0.0,8,0,0,0,0,0,0,0,0,0,0,0,0,0,0,0,
Log-Begone-Forge-1.20.1-1.0.8.jar,logbegone,Log Begone,0.06,0.0,10,1,0,0,0,0,0,0,0,0,0,0,0,0,0,0,logbegone:1
Mantle-1.20.1-1.11.104.jar,mantle,Mantle,1.55,37.0,887,74,25,0,1,1,15,0,0,6,0,0,0,5,0,0,mantle:99
MouseTweaks-forge-mc1.20.1-2.25.1.jar,mousetweaks,Mouse Tweaks,0.07,0.0,30,0,0,0,0,0,0,0,0,0,0,0,0,0,0,0,
MyNethersDelight-1.20.1-0.1.8.jar,mynethersdelight,My Nether's Delight,0.75,1967.0,1058,548,411,49,174,113,199,0,0,7,130,43,2,112,0,0,mynethersdelight:864;minecraft:47;forge:21;farmersdelight:17;miners_delight:5;mypersonaldelight:2;brewinandchewin:1;farmersrespite:1
NaturesAura-39.4.jar,naturesaura,NaturesAura,1.37,2028.8,1590,895,380,77,98,148,219,0,0,5,229,77,12,31,1,1,naturesaura:1248;minecraft:22;curios:4;forge:1
NaturesCompass-1.20.1-1.12.0-forge.jar,naturescompass,Nature's Compass,0.22,142.0,135,91,7,0,0,32,38,0,0,21,2,0,0,1,0,0,naturescompass:97;minecraft:1
Not Enough Recipe Book-FORGE-0.4.1+1.20.1.jar,nerb,Not Enough Recipe Book,0.02,0.0,24,0,0,0,0,0,0,0,0,0,0,0,0,0,0,0,
Nullscape_1.20.x_v1.2.8.jar,nullscape,Nullscape,0.38,1129.0,507,0,433,0,0,0,0,0,0,0,0,1,376,26,0,0,nullscape:410;minecraft:18;c:3;forge:2
OctoLib-FORGE-0.5.0.1+1.20.1.jar,octolib,OctoLib,0.4,0.0,94,0,0,0,0,0,0,0,0,0,0,0,0,0,0,0,
Patchouli-1.20.1-85-FORGE.jar,patchouli,Patchouli,0.61,52.0,248,42,2,0,0,9,17,0,0,12,0,0,0,2,0,0,patchouli:42;minecraft:2
Placebo-1.20.1-8.6.3.jar,placebo,Placebo,0.27,32.0,186,24,0,0,0,0,16,0,0,7,0,0,0,0,0,0,placebo:23;minecraft:1
PlayerRevive_FORGE_v2.0.31_mc1.20.1.jar,playerrevive,PlayerRevive,5.05,0.0,47,16,1,0,0,0,0,0,0,11,0,0,0,0,0,0,playerrevive:17
PresenceFootsteps-1.20.1-1.9.1-beta.1.jar,presencefootsteps,Presence Footsteps (Forge),6.75,0.0,1019,928,0,0,0,0,0,0,0,10,0,0,0,0,0,0,presencefootsteps:472;presencefootstepsmono:456
Psi-1.20.1-102.jar,psi,Psi,2.12,1044.8,1287,520,267,12,14,101,296,0,0,8,98,10,0,31,1,1,psi:762;forge:17;minecraft:7;patchouli:1
PuzzlesLib-v8.1.33-1.20.1-Forge.jar,puzzleslib,Puzzles Lib,1.28,0.0,749,0,0,0,0,0,0,0,0,0,0,0,0,0,0,0,
Quark-4.0-462.jar,quark,Quark,14.24,18625.0,8172,4451,2775,809,1469,1000,972,0,0,24,1602,835,15,255,0,0,quark:6999;minecraft:142;forge:79;lootr:4;emi:1;zeta:1
Ribbits-1.20.1-Forge-3.0.5.jar,ribbits,Ribbits,2.12,620.0,404,175,107,14,46,21,37,25,1,11,11,20,19,22,0,0,ribbits:262;minecraft:19;alexsmobs:1
RootsClassic-1.20.1-1.4.2.jar,rootsclassic,Roots Classic,0.58,620.0,530,201,136,18,22,66,84,0,0,3,84,18,0,12,0,0,rootsclassic:334;minecraft:2;forge:1
Searchables-forge-1.20.1-1.0.3.jar,searchables,Searchables,0.07,0.0,71,23,0,0,0,0,0,0,0,23,0,0,0,0,0,0,searchables:23
ShoulderSurfing-Forge-1.20.1-4.22.7.jar,shouldersurfing,Shoulder Surfing Reloaded,0.26,6.0,153,10,0,0,0,0,3,0,0,7,0,0,0,0,0,0,shouldersurfing:10
SimpleDayLengthExtender-1.2.1-Forge-1.20.1.jar,simpledaylengthextender,Simple Day Length Extender,0.18,0.0,19,0,0,0,0,0,0,0,0,0,0,0,0,0,0,0,
SleepingOverhaul-2.1.0-Forge-1.20.1.jar,sleepingoverhaul,Sleeping Overhaul 2,0.28,0.0,69,2,0,0,0,0,0,0,0,2,0,0,0,0,0,0,sleepingoverhaul:2
SmartBrainLib-forge-1.20.1-1.15.jar,smartbrainlib,SmartBrainLib,0.35,0.0,125,0,0,0,0,0,0,0,0,0,0,0,0,0,0,0,
Steam_Rails-1.7.2+forge-mc1.20.1.jar,railways,Create: Steam 'n' Rails,16.04,70016.0,24306,16818,6019,1438,8968,1911,4217,0,0,28,2856,1436,0,430,0,0,railways:21762;byg:308;tfc:220;natures_spirit:155;biomesoplenty:110;twilightforest:88;blue_skies:77;create_dd:44
TATOS 1.0.5_beta.jar,theabyss,The Abyss: The Other Side,64.76,8364.8,5036,2692,1137,232,486,560,942,2,2,2,353,15,386,32,1,1,theabyss:3805;minecraft:22;abyss:1;forge:1
TCIntegrations-1.20.1-2.0.25.19.jar,tcintegrations,TCIntegrations,2.01,5976.0,3419,2864,420,14,1,16,2783,0,0,2,288,1,0,62,0,0,tconstruct:2617;tcintegrations:466;tinkersurvival:161;forge:38;minecraft:2
TCompat-1.20.1-1.2.4.jar,tcompat,TCompat,1.08,4064.0,2220,2001,163,6,0,6,1961,0,0,1,94,0,0,0,0,0,tconstruct:1958;tcompat:206
TConstruct-1.20.1-3.11.2.166.jar,tconstruct,Tinkers' Construct,20.57,36005.0,27493,19710,5378,435,694,844,12426,0,0,19,2950,342,31,802,0,0,tconstruct:24731;forge:262;minecraft:83;mantle:4;c:2;twilightforest:2;ceramics:1;headlight:1
TerraBlender-forge-1.20.1-3.0.1.10.jar,terrablender,TerraBlender,0.1,3.0,72,6,3,0,0,0,0,0,0,6,0,0,1,2,0,0,terrablender:9
Thalassophobia-forge-1.20.1-1.7.2.jar,thalassophobia,Thalassophobia,10.44,2261.0,2842,1203,119,8,8,145,675,81,81,1,47,0,0,1,0,0,thalassophobia:1321;minecraft:1
The_Undergarden-1.20.1-0.8.14.jar,undergarden,The Undergarden,43.0,5181.0,3228,1579,1235,200,344,303,376,0,0,8,289,215,133,220,0,0,undergarden:2621;minecraft:106;forge:87
ThirstWasTaken-1.20.1-1.4.0.jar,thirst,Thirst was Taken,0.21,78.0,175,24,62,1,1,5,8,0,0,8,25,16,0,4,0,0,thirst:81;minecraft:4;forge:1
Tinker-Things-1.20.1-1.3.3.jar,tinkers_things,Tinkers' Things,1.77,6603.0,3617,3394,190,2,2,72,3176,0,0,2,84,1,0,47,0,0,tinkers_things:3186;tconstruct:396;minecraft:2
TinkerBetterCombat 0.14.jar,tinkers_better_combat,Tinkers' Better Combat,0.02,0.0,45,0,42,0,0,0,0,0,0,0,0,0,0,0,0,0,tconstruct:16;additionalweaponry:4;sakuratinker:4;tinkers_thinking:4;tinkersweaponry:3;constructs_casting:2;tinkers_reforged:2;tcompat:1
Tinkers-Thinking-0.1.6.6.2.jar,tinkers_thinking,Tinkers' Thinking,6.0,19956.0,10786,9638,996,69,54,209,9137,0,0,4,509,35,12,191,0,0,tconstruct:6204;tinkers_thinking:4296;forge:100;minecraft:18;tinkers_ingenuity:14;farmersdelight:2
TinkersBattleSpades-1.20.1-1.2.1.jar,tinkers_battle_spades,Tinkers' Battle Spades,0.19,745.0,403,381,16,0,0,3,369,0,0,1,1,0,0,12,0,0,tinkers_battle_spades:383;tconstruct:14
TinkersKatanas-1.20.1-1.4.4.jar,tinkers_katanas,Tinkers' Katanas,0.82,3125.0,1625,1597,21,0,0,6,1555,0,0,2,3,0,0,12,0,0,tinkers_katanas:1597;tconstruct:21
TinkersLevellingAddon-1.20.1-1.4.3.jar,tinkerslevellingaddon,Tinkers' Levelling Addon,0.31,62.0,70,43,3,0,0,0,30,0,0,4,2,0,0,0,0,0,tconstruct:24;tinkerslevellingaddon:14;tinkers_reforged:5;tinker_rapier:2;materialis:1
TinkersWands-1.20.1-1.1.0.jar,tinkers_wands,Tinkers' Wands,0.07,259.0,151,135,10,0,0,3,126,0,0,1,1,0,0,7,0,0,tinkers_wands:136;tconstruct:9
TinyCoal-forge-1.20.1-1.1.5.jar,tinycoal,Tiny Coal,0.02,12.0,31,8,6,0,0,2,2,0,0,4,4,0,0,2,0,0,tinycoal:12;c:1;forge:1
TradingPost-v8.0.2-1.20.1-Forge.jar,tradingpost,Trading Post,0.12,25.0,62,14,4,1,1,1,5,0,0,5,1,1,0,2,0,0,tradingpost:16;minecraft:2
TravelersTitles-1.20-Forge-4.0.2.jar,travelerstitles,Traveler's Titles,0.22,0.0,56,9,1,0,0,0,0,0,0,5,0,0,0,1,0,0,travelerstitles:10
Twigs-1.20.1-3.1.0.jar,twigs,Twigs,2.64,6329.0,2996,1508,1406,256,570,259,278,0,0,3,549,257,21,40,0,0,twigs:2897;minecraft:16;forge:1
UnEarthed-2.3.0-1.20.1-forge-all.jar,unearthed,Unearthed,1.6,8820.0,3546,2018,1449,409,766,418,420,0,0,5,512,345,1,50,0,0,unearthed:2906;minecraft:556;hyle:4;forge:1
Vampirism-1.20.1-1.10.15.jar,vampirism;teamlapenlib,Vampirism;Teamlapen Library,11.78,5907.0,4498,1628,1367,188,427,296,604,0,0,60,279,205,120,157,0,0,vampirism:2765;minecraft:155;vampirismguide:43;repurposed_structures:20;forge:7;teamlapenlib:5
VeggiesDelight-1.20.1-1.9.2.jar,veggiesdelight,Veggies Delight,0.56,1409.0,922,378,493,29,84,94,163,0,0,8,215,38,16,70,0,0,veggiesdelight:800;forge:45;sereneseasons:8;farmersdelight:6;minecraft:6;naturalist:2;alexmobs:1;createaddition:1
YungsApi-1.20-Forge-4.0.6.jar,yungsapi,YUNG's API,0.35,0.0,181,0,0,0,0,0,0,0,0,0,0,0,0,0,0,0,
Zeta-1.0-31.jar,zeta,Zeta,0.96,0.0,709,3,1,0,0,0,0,0,0,3,0,0,0,0,0,0,zeta:4
absentbydesign-1.20.1-1.9.0.jar,absentbydesign,Absent By Design Mod,1.61,12412.0,3831,2416,1398,460,1464,478,0,0,0,7,916,460,0,22,0,0,absentbydesign:3792;minecraft:22
acid_vat-0.1.0.jar,acid_vat,Acid Vat,0.57,722.0,417,156,34,13,109,12,21,0,0,1,22,11,0,0,0,0,acid_vat:190
addonapi-mc1.20.1-2.0.0.jar,addonapi,AddonAPI,0.02,0.0,12,0,0,0,0,0,0,0,0,0,0,0,0,0,0,0,
aether-1.20.1-1.5.2-neoforge.jar,aether,The Aether,37.91,4789.0,4411,1581,1318,131,203,609,506,0,0,39,369,191,66,287,0,0,aether:2761;minecraft:99;forge:31;curios:6;randomium:1;supplementaries:1
alchemistry-1.20.1-2.3.4.jar,alchemistry,Alchemistry,3.49,6118.8,7801,148,7443,14,25,14,59,0,0,7,5749,14,0,2,1,1,alchemistry:7589;minecraft:2
alchemylib-1.20.1-1.0.30.jar,alchemylib,AlchemyLib,0.1,2.0,75,2,0,0,0,0,1,0,0,1,0,0,0,0,0,0,alchemylib:2
alekiNiftyShips-FORGE-1.20.1-1.0.14.jar,alekiships,aleki's Nifty Ships,21.3,1605.0,821,369,174,26,198,17,120,0,0,4,8,81,32,18,0,0,alekiships:539;minecraft:3;carryon:1
alexsmobs-1.22.9.jar,alexsmobs,Alex's Mobs,25.13,3216.0,5087,3363,601,37,137,301,739,0,0,23,84,139,2,256,0,0,alexsmobs:3930;minecraft:18;forge:11;domesticationinnovation:5
alltheleaks-1.1.1+1.20.1-forge.jar,alltheleaks,All The Leaks,1.13,0.0,323,0,0,0,0,0,0,0,0,0,0,0,0,0,0,0,
almostunified-forge-1.20.1-0.11.0.jar,almostunified,AlmostUnified,0.21,2.0,130,9,0,0,0,0,1,0,0,8,0,0,0,0,0,0,almostunified:9
amendments-1.20-2.2.5.jar,amendments,Amendments,1.24,943.0,662,353,48,39,73,2,168,0,0,19,2,2,0,33,0,0,amendments:348;minecraft:25;supplementaries:22;apotheosis:5;quark:1
another_furniture-forge-1.20.1-3.0.4.jar,another_furniture,Another Furniture,2.35,11532.0,3875,3052,728,177,1451,178,1223,0,0,14,239,174,0,75,0,0,another_furniture:3742;c:33;minecraft:4;locksmith:1
appleskin-forge-mc1.20.1-2.5.1.jar,appleskin,AppleSkin,0.05,2.0,34,1,0,0,0,0,1,0,0,0,0,0,0,0,0,0,appleskin:1
appliedenergistics2-forge-15.4.10.jar,ae2,Applied Energistics 2,8.1,4288.0,4762,1808,1071,103,212,379,626,0,0,17,487,104,3,67,0,0,ae2:2847;forge:20;minecraft:11;guideme:1
architectury-9.2.14-forge.jar,architectury,Architectury,0.55,0.0,392,0,1,0,0,0,0,0,0,0,0,0,0,0,0,0,architectury:1
ars_additions-1.20.1-1.6.7.jar,ars_additions,Ars Additions,1.23,1272.0,819,373,275,34,90,100,112,1,1,1,108,38,14,24,0,0,ars_additions:613;ars_nouveau:21;minecraft:8;forge:3;curios:2;carryon:1
ars_caelum-1.20.1-2.0.1.jar,ars_caelum,Ars Caelum,0.24,69.0,124,36,46,0,0,12,12,0,0,1,21,0,0,0,0,0,ars_caelum:63;ars_nouveau:15;minecraft:4
ars_creo-1.20.1-4.3.0.jar,ars_creo,Ars Creo,0.07,23.0,48,9,3,1,1,1,1,1,1,1,1,1,0,1,0,0,ars_creo:9;ars_nouveau:2;minecraft:1
ars_elemental-1.20.1-0.6.7.9.jar,ars_elemental,Ars Elemental,1.51,1268.0,1087,526,262,23,41,111,216,15,4,15,122,21,20,54,0,0,ars_elemental:594;ars_nouveau:150;ars_arsenal:22;minecraft:13;curios:5;forge:3;botany_pots:1
ars_instrumentum-1.20.1-4.1.0.jar,ars_instrumentum,Ars Instrumentum,0.14,80.0,132,31,43,1,0,7,10,1,1,2,33,1,0,4,0,0,ars_instrumentum:62;ars_nouveau:8;curios:2;minecraft:2
ars_nouveau-1.20.1-4.12.7-all.jar,ars_nouveau,Ars Nouveau,11.85,6681.8,5053,2214,1337,187,409,426,699,68,45,30,635,174,31,160,1,1,ars_nouveau:3447;minecraft:59;forge:32;curios:7;malum:4;carryon:1;nyfsquiver:1
ars_scalaes-1.20.1-1.10.7c.jar,ars_scalaes,Ars Nouveau Compats Collection,0.23,238.8,243,95,56,0,22,14,44,0,0,1,12,0,0,16,1,1,ars_scalaes:127;ars_nouveau:8;identity:4;minecraft:3;ars_elemental:2;malum:2;origins:2;hexcasting:1
ars_technica-1.20.1-1.4.2.jar,ars_technica,Ars Technica,3.32,280.0,378,147,54,2,4,26,62,7,5,1,34,0,0,14,0,0,ars_technica:173;ars_nouveau:14;forge:6;create_enchantment_industry:2;curios:2;starbunclemania:2;hexcasting:1;minecraft:1
arseng-1.2.0.jar,arseng,Ars Énergistique,0.14,113.0,142,45,36,2,3,17,17,0,0,1,16,2,0,6,0,0,arseng:75;ars_nouveau:5;minecraft:1
art_update-1.0.0-forge-1.20.1.jar,art_update,Art Update,2.16,5049.0,2588,1134,936,176,362,279,303,0,0,1,237,191,197,57,0,0,art_update:2043;minecraft:27
artifacts-forge-9.5.19.jar,artifacts,Artifacts,0.81,370.0,509,176,133,0,0,50,100,0,0,17,3,61,2,22,0,0,artifacts:297;curios:6;minecraft:2;origins:2;forge:1;industrialforegoing:1
athena-forge-1.20.1-3.1.2.jar,athena,Athena,0.09,0.0,59,0,0,0,0,0,0,0,0,0,0,0,0,0,0,0,
base_raid-0.5.jar,baseraid,Base Raid,0.02,4.0,16,3,0,0,0,1,1,0,0,1,0,0,0,0,0,0,baseraid:3
beautify-2.0.2.jar,beautify,Beautify,0.8,3486.0,1075,751,262,53,509,53,124,0,0,2,54,158,19,8,0,0,beautify:1010;minecraft:3
bettercombat-forge-1.9.0+1.20.1.jar,bettercombat,Better Combat,1.01,0.0,267,68,39,0,0,0,0,0,0,10,0,0,0,0,0,0,bettercombat:100;minecraft:7
block_factorys_bosses-2.0.12-forge-1.20.1.jar,block_factorys_bosses,Bosses'Rise,19.86,1819.0,1795,1028,147,24,42,80,541,24,2,4,16,38,23,25,0,0,block_factorys_bosses:1158;minecraft:10;forge:7
bloodmagic-1.20.1-3.3.7-49.jar,bloodmagic,Blood Magic,14.38,7291.8,4819,2393,1567,220,477,520,751,0,0,1,794,244,2,133,1,1,bloodmagic:3864;forge:72;minecraft:20;curios:4
blue_skies-1.20.1-1.3.31.jar,blue_skies,Blue Skies,79.69,15884.0,9727,5058,3588,522,1116,1190,1140,0,0,27,695,641,392,299,0,0,blue_skies:8461;minecraft:114;forge:42;xaerominimap:29
blueprint-1.20.1-7.1.3.jar,blueprint,Blueprint,1.1,82.0,585,35,66,0,14,1,2,0,0,11,3,0,1,57,0,0,blueprint:57;forge:25;minecraft:13;woodworks:4;boatload:2
born_in_chaos_[Forge]1.20.1_1.7.5.jar,born_in_chaos_v1,Born in Chaos ,11.29,5335.0,4219,2031,629,111,214,355,897,75,77,2,160,172,103,39,0,0,born_in_chaos_v1:2618;minecraft:40;forge:2
buildersaddition-1.20.1-20230928a.jar,buildersaddition,Builders Crafts & Additions,2.31,10023.0,5068,1987,1009,326,1261,356,27,0,0,11,676,320,0,13,0,0,buildersaddition:2983;minecraft:6;quark:4;forge:3
buildinggadgets2-1.0.8.jar,buildinggadgets2,Building Gadgets 2,3.66,440.8,432,250,18,7,9,30,142,0,0,2,7,2,0,2,1,1,buildinggadgets2:267;forge:1
bushierflowers-0.0.3-1.20.1.jar,bushierflowers,Bushier Flowers,0.3,766.0,262,141,103,28,96,16,0,0,0,1,28,28,10,4,0,0,bushierflowers:240;minecraft:4
c2meF-0.2.0+alpha.13-all.jar,c2me,Concurrent Chunk Management Engine (Forge),1.76,0.0,35,1,0,0,0,0,0,0,0,0,0,0,0,0,0,0,c2me:1
caelus-forge-3.2.0+1.20.1.jar,caelus,Caelus API,0.04,0.0,32,7,1,0,0,0,0,0,0,7,0,0,0,1,0,0,caelus:7;forge:1
chefsdelight-1.0.4-forge-1.20.1.jar,chefsdelight,Chefs Delight,0.09,13.0,31,8,12,0,0,0,6,0,0,1,0,1,0,1,0,0,chefsdelight:17;merchantmarkers:2;minecraft:1
chemlib-1.20.1-2.0.19.jar,chemlib,ChemLib,12.98,3390.0,2584,1149,1372,105,77,814,147,0,0,6,385,68,0,532,0,0,chemlib:1989;forge:530;minecraft:2
chipped-forge-1.20.1-3.0.7.jar,chipped,Chipped,14.36,129676.0,36832,36152,624,6981,9839,6987,12300,0,0,1,14,7,0,596,0,0,chipped:36734;minecraft:42
citadel-2.6.3-1.20.1.jar,citadel,Citadel,3.04,45.0,1466,33,2,1,0,5,14,0,0,1,0,1,0,0,0,0,citadel:35
classselector-1.0.0.jar,classselector,Class Selector,0.11,0.0,52,1,1,0,0,0,0,0,0,1,0,0,0,0,0,0,classselector:2
cloth-config-11.1.136-forge.jar,cloth_config,Cloth Config v10 API,1.13,2.0,667,24,0,0,0,0,1,0,0,23,0,0,0,0,0,0,cloth-config2:24
collective-1.20.1-8.20.jar,collective,Collective,0.63,0.0,422,0,3,0,0,0,0,0,0,0,0,0,0,0,0,0,collective:3
collectorsreap-1.20.1-1.5.5.jar,collectorsreap,Collector's Reap,1.48,5038.0,2548,1395,970,150,425,257,467,0,0,17,382,153,10,219,0,0,collectorsreap:2149;forge:71;minecraft:57;blueprint:13;neapolitan:8;brewinandchewin:7;farmersdelight:7;letfishlove:7
computerbridge-0.1.0.jar,computerbridge,ComputerBridge,0.05,0.0,39,0,0,0,0,0,0,0,0,0,0,0,0,0,0,0,
configurabledeath-1.20.1-1.0.3.jar,configurabledeath,Configurable Death,0.03,0.0,12,0,0,0,0,0,0,0,0,0,0,0,0,0,0,0,
controllable-forge-1.20.1-0.21.9.jar,controllable,Controllable,7.22,8.0,223,10,0,0,0,0,4,0,0,4,0,0,0,0,0,0,controllable:10
corn_delight-1.1.9-1.20.1.jar,corn_delight,Corn Delight,0.16,391.0,278,123,130,6,28,27,49,0,0,12,50,7,2,25,0,0,corn_delight:227;forge:12;minecraft:7;sereneseasons:4;farmersdelight:2;curios:1
coroutil-forge-1.20.1-1.3.7.jar,coroutil,CoroUtil,0.06,0.0,50,0,0,0,0,0,0,0,0,0,0,0,0,0,0,0,
cravings-1.2.1-forge-1.20.1.jar,cravings,Cravings!,0.88,124.0,187,70,11,0,0,16,46,0,0,8,0,0,0,0,0,0,cravings:81
create-1.20.1-6.0.8.jar,create,Create,18.28,19915.0,11573,5071,3803,643,1901,775,1289,0,0,62,1766,640,6,173,0,0,create:8724;minecraft:89;forge:59;curios:1;quark:1
create-new-age-1.1.7f+forge-mc1.20.1.jar,create_new_age,Create: New Age,1.09,896.0,599,254,138,34,66,52,79,0,0,12,54,34,4,12,0,0,create_new_age:388;minecraft:4
create-transmission-loss-0.1.0.jar,transmissionloss,Create Transmission Loss,0.08,0.0,47,0,3,0,0,0,0,0,0,0,0,0,0,3,0,0,transmissionloss:3
create_bb-1.0.7-1.20.1-Forge.jar,create_bb,Create: Blocks & Bogies,2.51,2353.0,1393,891,33,31,420,0,18,0,0,3,0,31,0,2,0,0,create_bb:922;create:1;minecraft:1
create_central_kitchen-1.20.1-for-create-6.0.6-1.4.3b.jar,create_central_kitchen,Create: Central Kitchen,0.78,347.0,601,153,43,8,17,34,69,0,0,11,8,0,0,34,0,0,create_central_kitchen:161;forge:15;minecraft:8;create:5;quark:4;farmersdelight:3
create_cold_sweat-1.1.2.jar,create_cold_sweat,Create: Cold Sweat,0.21,2.0,32,1,7,0,0,0,1,0,0,0,0,0,0,6,0,0,create_cold_sweat:8
create_connected-1.1.13-mc1.20.1-all.jar,create_connected,Create: Connected,6.26,2394.0,1228,570,288,65,320,57,67,0,0,42,91,65,0,47,0,0,create_connected:811;minecraft:10;copycats:9;create:9;dndesires:6;create_henry:5;create_dragons_plus:3;forge:2
create_enchantment_industry-1.3.3-for-create-6.0.6.jar,create_enchantment_industry,Create Enchantment Industry,0.47,136.0,268,63,56,4,8,6,15,0,0,14,27,3,0,9,0,0,create_enchantment_industry:115;minecraft:2;create:1;forge:1
create_magics-2.0.0-1.20.1.jar,create_magics,Create Magics,0.05,45.0,43,15,7,2,2,3,6,0,0,2,3,2,0,2,0,0,create_magics:20;minecraft:2
create_more_additions-2.0.0-forge-1.20.1.jar,create_more_additions,Create: Crafts & (More) Additions,0.48,735.0,353,168,131,23,71,39,34,0,0,1,61,23,4,40,0,0,create_more_additions:260;forge:23;minecraft:14;create:1;createaddition:1
create_power_loader-2.0.3-mc1.20.1.jar,create_power_loader,Create: Power Loader,0.22,143.0,131,50,11,4,17,4,10,0,0,8,2,4,0,4,0,0,create_power_loader:58;minecraft:2;create:1
create_things_and_misc-4.1.0-forge-1.20.1.jar,create_things_and_misc,create: things and misc,0.99,1568.0,952,479,198,65,89,95,190,0,0,1,100,63,0,34,0,0,create_things_and_misc:643;minecraft:24;create:6;farmersdelight:3;forge:1
create_vampirism-1.20.1_0.5.0.jar,create_vampirism,Create: Vampirism,0.29,201.0,194,81,61,2,2,29,42,0,0,2,34,3,0,3,0,0,create_vampirism:139;minecraft:2;forge:1
createadditionallogistics-1.20.1-1.4.5.jar,createadditionallogistics,Create: Additional Logistics,0.9,2878.0,1208,613,361,156,264,157,29,0,0,7,94,156,0,18,0,0,createadditionallogistics:970;create:2;minecraft:2
createaddoncompatibility-0.2.4.jar,createaddoncompatibility,Create: Addon Compatibility,0.16,4.0,46,1,22,0,0,0,0,0,0,1,4,0,0,10,0,0,createaddoncompatibility:14;copycats:5;forge:4
createadvlogistics-0.2.0.jar,createadvlogistics,Create: Advanced Logistics,0.16,67.0,101,20,15,2,6,3,6,0,0,1,5,2,0,3,0,0,createadvlogistics:28;minecraft:6;create:1
createappliedkinetics-1.5.1-1.20.1.jar,createappliedkinetics,Create Applied Kinetics,0.06,99.0,73,34,20,2,3,13,13,0,0,3,18,2,0,0,0,0,createappliedkinetics:38;ae2:16
createdeco-2.0.3-1.20.1-forge.jar,createdeco,Create Deco,3.35,11377.0,6347,2378,3892,397,973,412,589,0,0,6,1731,397,0,47,0,0,createdeco:6255;minecraft:13;create:2
createdieselgenerators-1.20.1-1.3.12.jar,createdieselgenerators,Create: Diesel Generators,2.98,2284.0,1160,722,208,64,195,113,261,0,0,14,135,42,0,25,0,0,createdieselgenerators:886;everycomp:18;forge:8;minecraft:6;quark:6;immersiveengineering:3;create:2;farmersdelight:1
createfix-0.5.jar,createfix,Create Potato Cannon Fix,0.01,0.0,9,0,0,0,0,0,0,0,0,0,0,0,0,0,0,0,
createliquidfuel-2.1.1-1.20.1.jar,createliquidfuel,Create Liquid Fuel,0.02,0.0,19,0,3,0,0,0,0,0,0,0,0,0,0,0,0,0,createliquidfuel:3
createmoredrillheads-2.1.0-1.20.1.jar,createmoredrillheads,Create: More Drill Heads,0.12,490.0,196,105,69,30,35,33,3,0,0,4,33,30,0,6,0,0,createmoredrillheads:168;forge:3;minecraft:2;create:1
createrailwaysnavigator-forge-1.20.1-alpha-0.9.0-C6+2.jar,createrailwaysnavigator,Create Railways Navigator,1.93,443.0,709,138,28,9,59,9,29,0,0,25,9,9,0,5,0,0,createrailwaysnavigator:163;minecraft:3
creatingspace-1.20.1-1.7.13.jar,creatingspace,Creating Space,2.17,2105.0,1407,676,397,52,69,234,292,0,0,6,223,32,47,58,0,0,creatingspace:1029;forge:30;minecraft:12;create:2
curios-forge-5.14.1+1.20.1.jar,curios,Curios API,0.38,32.0,195,30,10,0,0,0,16,0,0,13,0,0,0,0,0,0,curios:39;minecraft:1
cursedbiomes-0.1.0.jar,cursedbiomes,Cursed Biomes,0.22,0.0,137,1,9,0,0,0,0,0,0,1,0,0,0,5,0,0,cursedbiomes:10
darkness-forge-1.20.1-2.0.103-fork.jar,darkness,True Darkness,0.03,0.0,26,2,0,0,0,0,0,0,0,2,0,0,0,0,0,0,darkness:2
deeperdarker-forge-1.20.1-1.3.3.jar,deeperdarker,Deeper and Darker,17.02,3982.0,2249,953,1098,141,285,258,170,0,0,14,376,149,110,138,0,0,deeperdarker:1773;mekanism:106;minecraft:105;forge:25;create:23;farmersdelight:7;alexsmobs:3;geode_plus:3
diet-forge-2.1.1+1.20.1.jar,diet,Diet,0.35,2.0,140,9,13,0,0,0,1,0,0,8,0,0,0,7,0,0,diet:22
dotcoinmod-forge-20.18.1.jar,dotcoinmod,Dot Coin Mod,0.1,72.0,83,37,0,0,0,17,19,0,0,1,0,0,0,0,0,0,dotcoinmod:37
dragonlib-forge-1.20.1-beta-3.0.24.jar,dragonlib,DragonLib,2.49,31.0,600,18,0,1,1,1,9,0,0,2,0,0,0,0,0,0,dragonlib:18
dtmalum-1.0.0.jar,dtmalum,Dynamic Trees for Malum,0.01,0.0,13,1,0,0,0,0,0,0,0,1,0,0,0,0,0,0,dtmalum:1
dtnatures_spirit-1.20.1-forge-1.3-all.jar,dtnatures_spirit,Dynamic Trees for Nature's Spirit,0.56,1122.0,499,227,126,92,63,40,29,0,0,2,0,117,0,7,0,0,dtnatures_spirit:342;dynamictrees:7;natures_spirit:4
dynamicassetgenerator-forge-1.20.1-4.2.2.jar,dynamic_asset_generator,Dynamic Asset Generator,0.3,2.0,183,1,0,0,0,0,1,0,0,0,0,0,0,0,0,0,dynamic_asset_generator:1
dynamicvillagertrades-1.3.1-forge-1.20.jar,dynamicvillagertrades,Dynamic Villager Trades,0.26,0.0,65,1,0,0,0,0,0,0,0,0,0,0,0,0,0,0,dynamicvillagertrades:1
eidolon_repraised-1.20.1-0.3.12.jar,eidolon,Eidolon:Repraised,3.79,2953.0,2151,922,623,96,137,206,423,0,0,5,279,101,18,105,0,0,eidolon:1457;forge:45;minecraft:33;curios:6;identity:3;occultism:1
embeddium-0.3.31+mc1.20.1.jar,embeddium;rubidium,Embeddium;Rubidium (Embeddium),1.26,4.0,635,19,0,0,0,0,2,0,0,8,0,0,0,0,0,0,sodium:9;embeddium:7;minecraft:3
emi-1.1.22+1.20.1+forge.jar,emi,EMI,1.0,22.0,516,69,0,0,0,3,8,0,0,10,0,0,0,0,0,0,emi:25;c:20;minecraft:18;fabric:6
emi_enchanting-0.1.2+1.20.1+forge.jar,emi_enchanting,EMI Enchanting,0.01,0.0,12,4,0,0,0,0,0,0,0,3,0,0,0,0,0,0,emi_enchanting:4
emi_loot-0.7.9+1.20.1+forge.jar,emi_loot,EMI Loot,0.42,162.0,336,87,16,0,0,0,81,0,0,4,0,0,0,0,0,0,emi_loot:87;minecraft:15;emi:1
emi_ores-1.2+1.20.1+forge.jar,emi_ores,EMI Ores,0.11,132.0,114,72,0,0,0,0,66,0,0,3,0,0,0,0,0,0,minecraft:65;emi_ores:5;emi:2
emitrades-forge-1.2.1+mc1.20.1.jar,emitrades,EMI Trades,0.05,0.0,22,3,0,0,0,0,0,0,0,3,0,0,0,0,0,0,emitrades:3
ends_delight-2.5.1+forge.1.20.1.jar,ends_delight,End's Delight,0.27,601.0,370,201,121,8,35,64,81,0,0,11,75,7,2,13,0,0,ends_delight:309;forge:7;create:2;farmersdelight:2;minecraft:2
enhancedai-3.3.6.3.jar,enhancedai,Enhanced AI,1.32,0.0,333,12,92,0,0,0,0,0,0,3,0,0,0,90,0,0,enhancedai:103;minecraft:1
entityculling-forge-1.10.1-mc1.20.1.jar,entityculling,EntityCulling,1.51,0.0,63,19,0,0,0,0,0,0,0,19,0,0,0,0,0,0,entityculling:19
etstlib-3.0.0-beta.20.jar,etstlib,EtSTLib,0.35,0.0,224,3,5,0,0,0,0,0,0,2,0,0,0,0,0,0,etstlib:8
everythingcopper-1.20.1-2.3.4.jar,everythingcopper,Everything is Copper,0.7,3386.0,1390,923,376,170,192,359,192,0,0,1,166,138,0,32,0,0,everythingcopper:1267;minecraft:18;forge:14
excavatedvariants-neoforge-1.20.1-3.0.9.jar,excavated_variants,Excavated Variants,0.36,7.0,201,1,4,0,0,0,0,0,0,1,1,0,2,0,0,0,excavated_variants:5
fabric-api-0.92.6+1.11.14+1.20.1.jar,fabric_api,Forgified Fabric API,2.92,0.0,54,1,0,0,0,0,0,0,0,0,0,0,0,0,0,0,fabric:1
farmersrespite-1.20.1-2.1.2.jar,farmersrespite,Farmer's Respite,0.51,1162.0,596,271,214,39,93,50,86,0,0,1,146,33,4,6,0,0,farmersrespite:478;minecraft:6;farmersdelight:1
farsighted-mobs-forge-1.1-1.20.1.jar,farsightedmobs,Farsighted Mobs,0.01,0.0,8,0,0,0,0,0,0,0,0,0,0,0,0,0,0,0,
ferritecore-6.0.1-forge.jar,ferritecore,Ferrite Core,0.12,0.0,100,0,0,0,0,0,0,0,0,0,0,0,0,0,0,0,
fiahi-3.1.6.jar,fiahi,"Freeze It, and Heat It!",0.21,29.0,110,19,5,0,0,3,11,0,0,3,1,0,0,4,0,0,fiahi:21;cold_sweat:2;biomancy:1
findme-3.2.3-forge.jar,findme,FindMe,0.04,0.0,35,7,0,0,0,0,0,0,0,6,0,0,0,0,0,0,findme:7
finite_water-1.20.1-1.0.0.jar,finite_water,Finite Water,0.01,0.0,5,0,0,0,0,0,0,0,0,0,0,0,0,0,0,0,
fission_reactor-0.1.0.jar,fission_reactor,Fission Reactor,0.31,138.0,187,34,59,9,9,9,0,0,0,1,12,9,0,2,0,0,fission_reactor:89;create_new_age:4
flib-1.20.1-0.0.15.jar,flib,flib,0.28,10.0,151,6,0,0,0,0,5,0,0,1,0,0,0,0,0,0,flib:6
forbidden_arcanus-1.20.1-2.2.6.jar,forbidden_arcanus,Forbidden & Arcanus,2.65,5087.0,2637,1442,762,171,400,296,489,0,0,7,256,154,27,150,0,0,forbidden_arcanus:2088;forge:66;minecraft:50
framework-forge-1.20.1-0.8.0.jar,framework,Framework,0.37,2.0,255,2,0,0,0,0,1,0,0,1,0,0,0,0,0,0,framework:2
ftb-library-forge-2001.2.12.jar,ftblibrary,FTB Library,0.74,212.0,446,121,0,0,0,1,105,0,0,6,0,0,0,0,0,0,ftblibrary:120;minecraft:1
ftb-quests-forge-2001.4.21.jar,ftbquests,FTB Quests,1.2,296.0,583,174,17,10,6,14,83,0,0,6,7,5,0,5,0,0,ftbquests:186;minecraft:5
ftb-teams-forge-2001.3.2.jar,ftbteams,FTB Teams,0.24,14.0,145,19,0,0,0,0,7,0,0,5,0,0,0,0,0,0,ftbteams:19
ftb-xmod-compat-forge-2.1.3.jar,ftbxmodcompat,FTB XMod Compat,0.12,0.0,90,1,0,0,0,0,0,0,0,1,0,0,0,0,0,0,ftbxmodcompat:1
fzzy_config-0.7.6+1.20.1+forge.jar,fzzy_config,Fzzy Config,2.26,256.0,915,151,0,0,0,0,128,0,0,5,0,0,0,0,0,0,fzzy_config:151
gases_and_plasmas-0.1.0.jar,gases_and_plasmas,Gases and Plasmas,0.28,141.0,162,30,13,8,14,7,0,0,0,1,4,5,0,2,0,0,gases_and_plasmas:41;minecraft:2
geckolib-forge-1.20.1-4.8.3.jar,geckolib,GeckoLib 4,0.99,223.0,364,93,0,2,3,20,30,16,16,1,0,0,0,0,0,0,geckolib:93
goety-2.5.52.4.jar,goety,Goety,72.86,22051.6,16744,9910,3825,714,1435,1312,2599,0,0,7,1523,781,155,564,2,2,goety:13448;minecraft:100;forge:72;malum:66;netherexp:10;curios:9;the_bumblezone:8;aether:5
golemoverhaul-forge-1.20.1-1.1.0.jar,golemoverhaul,Golem Overhaul,0.99,252.0,289,126,37,2,2,13,45,19,9,3,8,12,0,9,0,0,golemoverhaul:162;minecraft:1
guardvillagers-1.20.1-1.6.17.jar,guardvillagers,Guard Villagers,0.2,75.0,137,55,5,0,0,4,32,0,0,18,0,3,0,1,0,0,guardvillagers:59;minecraft:1
guideme-20.1.14.jar,guideme,GuideME,8.98,32.0,5217,25,0,0,0,2,14,0,0,1,0,0,0,0,0,0,guideme:25
handcrafted-forge-1.20.1-3.0.6.jar,handcrafted,Handcrafted,6.78,65319.0,14920,13863,966,267,12109,285,1009,0,0,7,317,267,0,65,0,0,handcrafted:14761;minecraft:68
heatsync-0.1.0.jar,heatsync,HeatSync,0.03,0.0,20,0,2,0,0,0,0,0,0,0,0,0,0,2,0,0,heatsync:2
hexalia-1.3.1-1.20.1+forge.jar,hexalia,Hexalia,1.76,2853.8,1815,805,591,105,171,166,274,17,17,1,151,106,43,95,1,1,hexalia:1326;minecraft:48;forge:13;sereneseasons:9
hexcasting-forge-1.20.1-0.11.3.jar,hexcasting,Hex Casting,3.66,3233.8,2585,1214,467,58,227,278,490,0,0,3,145,60,3,73,1,1,hexcasting:1630;minecraft:44;create:3;forge:3;curios:1
hexerei-0.4.2.3.jar,hexerei,Hexerei,10.85,9762.0,6518,2417,3127,289,781,357,903,0,0,4,1271,194,46,78,0,0,hexerei:4399;minecraft:1133;forge:10;curios:1;identity:1
holdmyitems-1.20.1v2.1.jar,holdmyitems,HoldMyItems - Reforged,0.31,0.0,63,1,4,0,0,0,0,0,0,0,0,0,0,4,0,0,forge:4;holdmyitems:1
iChunUtil-1.20.1-Forge-1.0.3.jar,ichunutil,iChunUtil,0.66,16.0,191,10,0,0,0,0,8,0,0,2,0,0,0,0,0,0,ichunutil:10
iceandfire-2.1.13-1.20.1-beta-5.jar,iceandfire,Ice and Fire,20.84,6237.0,5499,3387,1174,126,175,567,1344,0,0,15,413,173,66,128,0,0,iceandfire:4499;forge:34;minecraft:28
immersive_weathering-1.20.1-2.0.5-forge.jar,immersive_weathering,Immersive Weathering,2.16,5941.0,2663,1401,886,186,614,236,317,0,0,11,349,195,35,117,0,0,immersive_weathering:2219;minecraft:61;create:2;trinkets:2;curios:1;forge:1;snowrealmagic:1
incontrol-1.20-9.4.6.jar,incontrol,InControl,0.35,0.0,156,0,1,0,0,0,0,0,0,0,0,0,0,1,0,0,incontrol:1
inline-forge-1.20.1-1.2.2.jar,inline,Inline,0.36,2.0,136,5,0,0,0,0,1,0,0,3,0,0,0,0,0,0,inline:5
insanelib-1.23.4.4.jar,insanelib,InsaneLib,0.35,0.0,126,0,2,0,0,0,0,0,0,0,0,0,0,2,0,0,insanelib:2
inventorysorter-1.20.1-23.1.9.jar,inventorysorter,Simple Inventory Sorter (Configurable),0.05,0.0,29,3,0,0,0,0,0,0,0,2,0,0,0,0,0,0,inventorysorter:3
irons_lib-1.20.1-1.0.2.jar,irons_lib,Iron's Lib,0.37,211.0,206,87,9,4,2,4,51,15,2,2,2,1,0,2,0,0,irons_lib:85;irons_patreon_lib:9;minecraft:2
irons_spellbooks-1.20.1-3.15.6.jar,irons_spellbooks,Iron's Spells 'n Spellbooks,14.48,3802.8,3959,1721,1034,28,91,330,860,39,10,15,257,114,84,114,1,1,irons_spellbooks:2659;apotheosis:26;minecraft:26;forge:21;tetra:17;curios:4;irons_jewelry:1;neoforge:1
jei-1.20.1-forge-15.20.0.130.jar,jei,Just Enough Items,1.34,92.0,970,75,0,0,0,0,46,0,0,28,0,0,0,0,0,0,jei:75
keepcuriosinventory-1.20.1-1.0.0.jar,keepcuriosinventory,KeepCuriosInventory,0.74,0.0,512,0,0,0,0,0,0,0,0,0,0,0,0,0,0,0,
konkrete_forge_1.8.0_MC_1.20-1.20.1.jar,konkrete,Konkrete,0.6,0.0,437,32,0,0,0,0,0,0,0,0,0,0,0,0,0,0,keksuccino:32
kotlinforforge-4.12.0-all.jar,,,7.1,0.0,4364,0,0,0,0,0,0,0,0,0,0,0,0,0,0,0,
kubejs-create-forge-2001.3.0-build.8.jar,kubejs_create,KubeJS Create,0.03,0.0,28,0,0,0,0,0,0,0,0,0,0,0,0,0,0,0,
kubejs-forge-2001.6.5-build.16.jar,kubejs,KubeJS,1.58,30.0,865,17,2,0,2,1,9,0,0,0,0,0,0,0,0,0,kubejs:19
lighty-forge-2.1.2+1.20.1.jar,lighty,Lighty,0.05,8.0,37,7,0,0,0,0,4,0,0,2,0,0,0,0,0,0,lighty:7
liquid_coolant-0.1.0.jar,liquid_coolant,Liquid Coolant,0.11,63.0,66,18,5,4,5,4,2,0,0,1,1,1,0,0,0,0,liquid_coolant:23
lithostitched-forge-1.20.1-1.4.11.jar,lithostitched,Lithostitched,0.45,27.0,206,0,11,0,0,0,0,0,0,0,0,0,9,1,0,0,lithostitched:11
littlelogistics-mc1.20.1-v1.20.1.2.jar,littlelogistics,Little Logistics,0.8,656.8,610,265,91,15,35,42,127,0,0,7,38,15,0,2,1,1,littlelogistics:354;forge:1;minecraft:1
lodestone-1.20.1-1.6.4.1.jar,lodestone,Lodestone,0.64,22.0,448,47,21,0,0,0,11,0,0,1,0,0,0,21,0,0,lodestone:47;forge:21
looot-1.20.1-1.2.0.4.jar,looot,Looot,0.16,0.0,56,2,37,0,0,0,0,0,0,2,0,0,0,22,0,0,forge:32;looot:5;looot_generated_words:1;minecraft:1
lootjs-forge-1.20.1-2.13.1.jar,lootjs,LootJS,0.23,0.0,177,0,1,0,0,0,0,0,0,0,0,0,0,0,0,0,lootjs:1
lootr-forge-1.20-0.7.35.94.jar,lootr,Lootr,0.44,191.0,245,92,42,6,15,7,29,0,0,32,0,8,0,24,0,0,lootr:123;minecraft:7;forge:3;ftbchunks:1
lostcities-1.20-7.4.11.jar,lostcities,LostCities,1.2,50.0,599,24,310,0,0,0,18,0,0,1,0,2,4,6,0,0,lostcities:334
mae2-2.0.0.jar,mae2,Modern AE2 Additions,0.42,120.0,184,58,17,5,5,14,16,0,0,2,1,4,0,4,0,0,mae2:74;minecraft:1
malum-1.20.1-1.6.7.jar,malum,Malum,25.08,8704.0,6276,2793,2644,282,549,610,931,0,0,6,837,276,24,144,0,0,malum:5318;minecraft:74;forge:17;tetra:10;supplementaries:8;curios:6;farmersdelight:3;quark:1
markdown_manual-MC1.20.1-forge-1.2.5+c3f0b88.jar,markdown_manual,Markdown Manual,0.14,8.0,99,5,0,0,0,0,4,0,0,1,0,0,0,0,0,0,markdown_manual:5
mcw-bridges-3.1.2-mc1.20.1forge.jar,mcwbridges,Macaw's Bridges,0.66,4523.0,1505,904,566,145,588,146,10,0,0,15,256,145,0,19,0,0,mcwbridges:1467;minecraft:3
mcw-doors-1.1.5-mc1.20.1forge.jar,mcwdoors,Macaw's Doors,1.19,9566.0,2922,2362,541,246,1134,260,702,0,0,17,257,239,0,33,0,0,mcwdoors:2896;minecraft:7
mcw-furniture-3.4.1-mc1.20.1forge.jar,mcwfurnitures,Macaw's Furniture,2.07,18251.0,5090,3681,1349,652,2337,654,20,0,0,12,654,652,0,32,0,0,mcwfurnitures:5029;minecraft:1
mcw-holidays-1.1.2-mc1.20.1forge.jar,mcwholidays,Macaw's Holidays,1.01,6183.0,2240,1375,754,334,488,335,204,0,0,7,327,334,0,10,0,0,mcwholidays:2119;minecraft:10
mcw-lights-1.1.5-mc1.20.1forge.jar,mcwlights,Macaw's Lights and Lamps,0.52,3397.0,1112,754,314,140,373,140,66,0,0,14,140,140,0,20,0,0,mcwlights:1066;minecraft:2
mcw-mcwfences-1.2.1-mc1.20.1forge.jar,mcwfences,Macaw's Fences and Walls,0.68,5385.0,1593,1118,452,180,685,180,59,0,0,14,222,180,0,28,0,0,mcwfences:1558;minecraft:11;diagonalfences:1
mcw-mcwpaths-1.1.1-mc1.20.1forge.jar,mcwpaths,Macaw's Paths and Pavings,0.77,6287.0,2033,1352,666,315,569,315,146,0,0,7,315,315,0,11,0,0,mcwpaths:2014;minecraft:4
mcw-mcwstairs-1.0.2-mc1.20.1forge.jar,mcwstairs,Macaw's Stairs and Balconies,0.53,4407.0,1381,897,453,224,439,224,0,0,0,10,224,196,0,10,0,0,mcwstairs:1348;minecraft:2
mcw-mcwwindows-2.4.2-mc1.20.1forge.jar,mcwwindows,Macaw's Windows,1.26,11380.0,3122,2400,679,328,1561,326,164,0,0,14,317,310,0,20,0,0,mcwwindows:3071;forge:4;minecraft:4
mcw-paintings-1.1.0-mc1.20.1forge.jar,mcwpaintings,Macaw's Paintings,0.17,180.0,103,96,1,0,0,0,90,0,0,6,0,0,0,1,0,0,mcwpaintings:96;minecraft:1
mcw-roofs-2.3.2-mc1.20.1forge.jar,mcwroofs,Macaw's Roofs,1.78,16500.0,4617,3331,1258,605,2076,607,32,0,0,9,607,605,0,4,0,0,mcwroofs:4585;minecraft:4
mcw-trapdoors-1.1.5-mc1.20.1forge.jar,mcwtrpdoors,Macaw's Trapdoors,0.58,3079.0,1320,737,572,179,183,191,169,0,0,15,191,179,0,22,0,0,mcwtrpdoors:1303;minecraft:6
melody_forge_1.0.3_MC_1.20.1-1.20.4.jar,melody,Melody,0.04,0.0,32,0,0,0,0,0,0,0,0,0,0,0,0,0,0,0,
merequester-forge-1.20.1-1.1.5.jar,merequester,ME Requester,0.16,45.0,117,26,6,1,2,2,11,0,0,4,2,1,0,1,0,0,merequester:26;ae2:5;minecraft:1
mna-forge-1.20.1-3.1.11-all.jar,mna,Mana and Artifice,30.89,14029.0,11438,6349,2645,382,752,999,1642,52,50,6,1796,393,66,194,0,0,mna:8957;minecraft:18;forge:10;curios:8;minecolonies:1
mob-ai-tweaks-1.11.1-1.20.1.jar,,,0.56,29.0,262,14,44,0,0,0,9,0,0,4,0,11,0,17,0,0,mob-ai-tweaks:53;minecraft:5
modernfix-forge-5.27.12+mc1.20.1.jar,modernfix,ModernFix,0.9,0.0,395,9,0,0,0,0,0,0,0,9,0,0,0,0,0,0,modernfix:9
modonomicon-1.20.1-forge-1.79.3.jar,modonomicon,Modonomicon,2.14,68.0,421,45,2,0,0,5,29,0,0,3,0,0,0,1,0,0,modonomicon:46;minecraft:1
moonlight-1.20-2.16.30-forge.jar,moonlight,Moonlight Library,1.33,30.0,584,42,25,0,0,1,14,0,0,11,0,0,0,0,0,0,moonlight:66;minecraft:1
morejs-forge-1.20.1-0.10.1.jar,morejs,MoreJS,0.17,0.0,125,0,0,0,0,0,0,0,0,0,0,0,0,0,0,0,
mysterious_mountain_lib-1.6.34-1.20.1.jar,mysterious_mountain_lib,Mysterious Mountain Lib,0.31,15.0,116,8,3,0,3,0,0,0,0,3,0,0,0,3,0,0,mysterious_mountain_lib:11
natures_spirit-2.2.5-1.20.1.jar,natures_spirit,Nature's Spirit,18.09,18548.0,7426,3917,3048,773,1536,712,846,0,0,30,825,720,523,266,0,0,natures_spirit:6784;minecraft:120;c:20;cobblemon:19;forge:19;create:2;musicnotification:1
nomobfarm-forge-1.6.6.jar,nomobfarm,No mob Farms,0.04,0.0,25,1,0,0,0,0,0,0,0,0,0,0,0,0,0,0,nomobfarm:1
nomorepopups-forge-1.20.1-2.2.0.jar,nomorepopups,No More Pop-ups,0.03,0.0,32,4,0,0,0,0,0,0,0,3,0,0,0,0,0,0,nomorepopups:4
norecipebookreborn-1.0.5.jar,norecipebookreborn,No Recipe Book Reborn,0.0,0.0,4,0,0,0,0,0,0,0,0,0,0,0,0,0,0,0,
notreepunching-forge-1.20-7.1.0.jar,notreepunching,No Tree Punching,0.45,695.0,551,174,239,24,48,51,45,0,0,1,96,17,2,49,0,0,notreepunching:386;minecraft:24;forge:3
obelisks-1.0.0.jar,obelisks,Dimensional Scar Expeditions,0.51,36.0,253,9,4,2,2,2,2,0,0,1,0,0,2,0,0,0,obelisks:13
oc2r-1.20.1-forge-2.2.12-all.jar,oc2r,OpenComputers II: Reimagined,25.67,632.0,1497,375,121,16,20,53,138,0,0,4,46,8,0,23,0,0,oc2r:495;forge:1
occultengineering-1.20.1-0.11.3.jar,occultengineering,Create: Occult Engineering,0.52,444.6,415,168,92,12,28,31,52,1,1,34,42,11,0,13,0,19,occultengineering:250;forge:5;minecraft:3;create:1;curios:1
occultism-1.20.1-1.157.0.jar,occultism,Occultism,3.78,2358.0,2599,717,1243,45,68,265,269,16,16,10,425,55,12,117,0,170,occultism:1863;forge:69;minecraft:19;curios:4;apotheosis:2;emi:2;per_viam_invenire:1
oceansdelight-1.0.2-1.20.jar,oceansdelight,Ocean's Delight,0.09,157.0,129,56,53,1,7,22,23,0,0,3,26,0,0,5,0,0,oceansdelight:100;diet:4;farmersdelight:3;forge:1;minecraft:1
oculus-mc1.20.1-1.8.0.jar,oculus,Oculus,2.72,2.0,1645,31,0,0,0,0,1,0,0,29,0,0,0,0,0,0,iris:31
particular-1.20.1-Forge-1.2.7.jar,particular,Particular,0.4,346.0,300,218,0,0,0,0,173,0,0,7,0,0,0,0,0,0,particular:218
paucal-0.6.0+1.20.1-forge.jar,paucal,PAUCAL,0.27,0.0,107,3,2,0,0,0,0,0,0,0,0,0,0,0,0,0,paucal:5
player-animation-lib-forge-1.0.2-rc1+1.20.jar,playeranimator,Player Animator,0.17,0.0,121,0,0,0,0,0,0,0,0,0,0,0,0,0,0,0,
plonk-1.20.1-10.0.5-forge.jar,plonk,Plonk,0.14,15.0,80,5,1,1,1,1,1,0,0,1,0,0,0,1,0,0,plonk:6
polyeng-forge-0.1.1-1.20.1.jar,polyeng,Polymorphic Energistics,0.01,0.0,14,0,0,0,0,0,0,0,0,0,0,0,0,0,0,0,
polymorph-forge-0.49.10+1.20.1.jar,polymorph,Polymorph,0.29,2.0,121,12,0,0,0,0,1,0,0,11,0,0,0,0,0,0,polymorph:12
powergrid-mc1.20.1-0.5.4.jar,powergrid,Create: Power Grid,5.85,1868.0,1729,635,251,57,169,104,164,0,0,30,90,55,0,21,0,0,powergrid:874;forge:10;minecraft:2
procedural_bouquets-0.1.0.jar,procedural_bouquets,Procedural Bouquets,0.05,30.0,37,8,3,2,2,3,0,0,0,1,2,0,0,1,0,0,procedural_bouquets:11
protection_pixel-2.2.1-forge-1.20.1.jar,protection_pixel,Protection Pixel,3.11,905.0,1302,444,154,3,3,108,288,0,0,2,76,4,0,69,0,0,protection_pixel:565;minecraft:12;forge:11;create:7;c:2;neoforge:1
raider_detector-1.0.0.jar,raider_detector,Raider Detector,0.02,5.0,14,4,2,0,0,1,1,0,0,2,1,0,0,0,0,0,raider_detector:6
rbp-1.20.1-1.0.0.jar,rbp,Realistic Block Physics,0.21,0.0,134,0,0,0,0,0,0,0,0,0,0,0,0,0,0,0,
realisticores-0.1.0.jar,realisticores,Realistic Ores,0.26,1086.0,558,253,285,42,42,63,105,0,0,1,42,42,68,41,0,0,realisticores:497;forge:40;minecraft:1
realisticphysics-1.20.1-1.0.1.jar,realisticphysics,Realistic Physics,0.1,0.0,88,0,0,0,0,0,0,0,0,0,0,0,0,0,0,0,
registry_dumper_3000-forge-1.1.0.jar,registry_dumper_3000,REGISTRY DUMPER 3000,0.04,0.0,23,0,0,0,0,0,0,0,0,0,0,0,0,0,0,0,
rehooked-1.8.3-1.20.1.jar,rehooked,ReHooked,0.23,124.0,155,56,19,4,4,10,26,0,0,2,8,0,0,1,0,0,rehooked:74;curios:1
relics-1.20.1-0.8.0.13.jar,relics,Relics,1.45,713.0,748,444,18,1,1,119,232,0,0,7,0,0,0,7,0,0,relics:454;curios:7;forge:1
reliquary-1.20.1-2.0.56.1418.jar,reliquary,Reliquary,2.11,1333.0,1275,425,369,39,47,137,163,0,0,10,194,70,0,6,0,0,reliquary:787;curios:3;forge:2;minecraft:2
resourcefulconfig-forge-1.20.1-2.1.3.jar,resourcefulconfig,Resourcefulconfig,0.13,0.0,83,0,0,0,0,0,0,0,0,0,0,0,0,0,0,0,
resourcefullib-forge-1.20.1-2.1.29.jar,resourcefullib,Resourceful Lib,0.41,0.0,194,0,0,0,0,0,0,0,0,0,0,0,0,0,0,0,
rhino-forge-2001.2.3-build.10.jar,rhino,Rhino,1.71,0.0,455,0,0,0,0,0,0,0,0,0,0,0,0,0,0,0,
rpgstats-1.0.0.jar,rpgstats,RPG Stats,0.18,76.0,117,34,16,0,0,17,16,0,0,1,10,0,0,0,0,0,rpgstats:49;minecraft:1
rusticdelight-forge-1.20.1-1.5.1.jar,rusticdelight,Rustic Delight,0.54,1358.0,967,501,408,26,86,88,195,0,0,11,162,26,6,76,0,0,rusticdelight:831;forge:40;farmersdelight:15;minecraft:7;botanypots:6;sereneseasons:6;brewinandchewin:1;create:1
savage_and_ravage-1.20.1-6.0.1.jar,savage_and_ravage,Savage & Ravage,1.26,502.0,498,214,132,12,25,33,89,0,0,20,23,20,6,32,0,0,savage_and_ravage:321;minecraft:21;forge:4
settlementroads-0.1.0.jar,settlementroads,Settlement Roads,0.24,6.0,119,1,10,0,0,0,0,0,0,1,0,0,2,7,0,0,settlementroads:11
sodiumdynamiclights-forge-1.0.10-1.20.1.jar,sodiumdynamiclights,Sodium Dynamic Lights,0.49,2.0,112,53,0,0,0,0,1,0,0,20,0,0,0,0,0,0,sodiumdynamiclights:53
sodiumoptionsapi-forge-1.0.10-1.20.1.jar,sodiumoptionsapi,Sodium Options API,0.42,4.0,39,2,0,0,0,0,2,0,0,0,0,0,0,0,0,0,sodiumoptionsapi:2
solcarrot-1.20.1-1.15.1.jar,solcarrot,Spice of Life: Carrot Edition,0.1,7.0,70,10,2,0,0,1,2,0,0,7,1,0,0,0,0,0,solcarrot:12
sophisticatedbackpacks-1.20.1-3.24.35.1675.jar,sophisticatedbackpacks,Sophisticated Backpacks,0.97,501.0,733,185,216,6,18,66,78,0,0,17,72,15,0,3,0,0,sophisticatedbackpacks:397;accessories:1;carryon:1;curios:1;forge:1
sophisticatedcore-1.20.1-1.3.21.1676.jar,sophisticatedcore,Sophisticated Core,1.37,33.0,707,31,2,0,0,0,16,0,0,12,1,0,0,1,0,0,sophisticatedcore:32;forge:1
sophisticatedstorage-1.20.1-1.4.39.1666.jar,sophisticatedstorage,Sophisticated Storage,1.59,2398.0,1758,684,719,59,152,131,315,0,0,13,333,59,0,11,0,0,sophisticatedstorage:1385;minecraft:12;forge:6
sophisticatedstorageinmotion-1.20.1-0.10.28.198.jar,sophisticatedstorageinmotion,Sophisticated Storage In Motion,0.38,109.0,330,7,209,0,0,2,0,0,0,5,105,0,0,0,0,0,sophisticatedstorageinmotion:216
sound-physics-remastered-forge-1.20.1-1.5.1.jar,sound_physics_remastered,Sound Physics Remastered,0.2,0.0,109,7,0,0,0,0,0,0,0,7,0,0,0,0,0,0,sound_physics_remastered:7
spark-1.10.53-forge.jar,spark,spark,2.97,0.0,1324,0,0,0,0,0,0,0,0,0,0,0,0,0,0,0,
staaaaaaaaaaaack-forge-1.20.1-1.5-71.jar,staaaaaaaaaaaack,Staaaaaaaaaaaack,0.04,0.0,23,0,0,0,0,0,0,0,0,0,0,0,0,0,0,0,
starcatcher-2.2.1-FORGE-1.20.1.jar,starcatcher,Starcatcher,3.57,1292.0,1942,627,533,6,10,200,379,0,0,8,42,6,0,35,0,0,starcatcher:834;tide:99;unusualfishmod:53;hybrid-aquatic:46;aquaculture:34;tfc:13;minecraft:12;fintastic:10
structure_gel-1.20.1-2.16.2.jar,structure_gel,Structure Gel API,0.92,233.0,453,97,7,8,11,23,42,0,0,10,0,0,0,6,0,0,structure_gel:94;minecraft:10
supplementaries-1.20-3.1.42-forge.jar,supplementaries,Supplementaries,13.03,11765.0,5664,3301,1236,234,1415,287,1096,0,0,29,306,178,12,224,0,0,supplementaries:4409;minecraft:76;forge:25;trinkets:5;farmersdelight:4;amendments:3;create:3;sereneseasons:3
takesapillage-1.0.3-1.20.1.jar,takesapillage,It Takes A Pillage,3.58,178.0,212,45,112,0,0,6,9,0,0,2,0,10,46,4,0,0,takesapillage:153;minecraft:4
tconjei-1.20.1-1.5.4.jar,tconjei,TConJEI,0.04,4.0,32,14,0,0,0,0,2,0,0,11,0,0,0,0,0,0,tconjei:14
tectonic-3.0.17-forge-1.20.1.jar,tectonic,Tectonic,0.31,0.0,293,1,0,0,0,0,0,0,0,1,0,0,0,0,0,0,tectonic:1
the_bumblezone-7.11.2+1.20.1-forge.jar,the_bumblezone,The Bumblezone,66.05,7677.0,6001,1820,2914,99,598,245,724,0,0,12,189,154,604,585,0,0,the_bumblezone:4551;minecraft:51;c:32;forge:30;amendments:12;xaerominimap:12;moblassos:6;supplementaries:4
the_finley_dimension_remastered-1.6.3-forge-1.20.1.jar,the_finley_dimension_remastered,The Finley Dimension Remastered,2.38,1274.0,699,296,256,49,86,69,78,0,0,1,54,46,52,73,0,0,the_finley_dimension_remastered:491;minecraft:61
theoneprobe-1.20.1-10.0.3.jar,theoneprobe,The One Probe,0.32,44.0,158,25,6,0,0,7,12,0,0,6,6,0,0,0,0,0,theoneprobe:31
theurgy-1.20.1-1.28.0.jar,theurgy,Theurgy,4.2,3352.6,3113,709,1920,20,35,456,173,5,2,3,1718,20,2,91,0,79,theurgy:2611;forge:16;minecraft:2
ticex-mc1.20.1-0.5.1-all.jar,ticex,TiCEX,4.33,4360.0,3172,2294,405,13,9,79,1929,0,0,5,214,7,0,86,0,0,tconstruct:1469;ticex:1185;forge:28;minecraft:8;draconicevolution:4;curios:2;mekanism:1;tacz:1
tinkers_advanced_core-3.0.0-beta.5.jar,tinkers_advanced,Tinkers' Advanced,0.18,21.0,131,27,2,0,0,1,9,0,0,4,1,0,0,0,0,0,tinkers_advanced:29
tinkers_advanced_materials-3.0.0-beta.3.jar,tinkers_advanced_materials,Tinkers' Advanced-Materials,5.17,14290.0,7828,7005,621,38,14,68,6733,0,0,4,368,4,6,42,0,0,tconstruct:5647;tinkers_advanced:1942;forge:35;minecraft:2
tinkers_advanced_tools-3.0.0-beta.4.jar,tinkers_advanced_tools,Tinkers' Advanced-Tools,1.24,3635.0,2056,1868,88,0,0,17,1777,0,0,4,47,0,0,16,0,0,tinkers_advanced:1921;tconstruct:34;minecraft:1
tinkers_khopesh-1.0.0.jar,tinkers_khopesh,Tinkers' Khopesh,0.04,17.0,50,10,13,0,0,2,6,0,0,1,1,0,0,10,0,0,tinkers_khopesh:13;tconstruct:10
tinkersinnovation-1.20.1-3.0.0.jar,tinkersinnovation,Tinkers Innovation,2.39,1623.0,1639,574,839,45,14,120,273,0,0,2,477,14,2,159,0,0,tinkersinnovation:1264;tconstruct:84;forge:49;minecraft:16
tinkersjewelry-1.2.0.jar,tinkersjewelry,Tinkers' Jewelry,1.07,416.0,670,228,310,0,0,15,157,0,0,1,72,0,0,13,0,0,tinkersjewelry:458;tconstruct:76;tinkers_things:2;curios:1;forge:1
tinkersweaponry-1.20.1-0.0.5.jar,tinkersweaponry,Tinkers' Weaponry,0.74,3005.0,1601,1513,52,0,0,17,1473,0,0,1,25,0,0,19,0,0,tinkersweaponry:1549;tconstruct:16
tleveling-1.0.3-1.20.1.jar,tleveling,Tinker's Tool Leveling,0.1,0.0,29,3,1,0,0,0,0,0,0,1,0,0,0,1,0,0,tleveling:4
tntutils-forge-1.20.1-2.0.4.jar,tntutils,TNTUtils,0.03,0.0,24,1,1,0,0,0,0,0,0,1,0,0,0,1,0,0,tntutils:2
tomeofblood-1.20.1-0.4.5.jar,tomeofblood,Tome of Blood: Rebirth,0.93,128.0,146,72,16,0,0,11,43,1,0,2,16,0,0,0,0,0,tomeofblood:71;ars_nouveau:17
tponder-1.1.jar,tponder,Tinkers' Ponder,1.46,0.0,35,14,0,0,0,0,0,0,0,2,0,0,0,0,0,0,tponder:14
twilightforest-1.20.1-4.3.2508-universal.jar,twilightforest,The Twilight Forest,22.25,15703.0,7752,4092,2047,453,1541,887,905,0,0,100,444,532,240,282,0,0,twilightforest:5953;minecraft:116;forge:46;alexscaves:9;aether:3;farmersdelight:3;ars_nouveau:2;createaddition:2
ubesdelight-forge-1.20.1-0.4.11.jar,ubesdelight,Ube's Delight,0.91,2848.0,1325,730,434,38,341,125,216,0,0,6,172,37,8,62,0,0,ubesdelight:1102;forge:27;minecraft:10;c:7;sereneseasons:6;farmersdelight:4;create:3;dehydration:2
undergardendelight-1.1.2-forge-1.20.1.jar,undergardendelight,Undergarden Delight,0.28,372.0,372,111,132,10,10,38,47,0,0,2,82,10,0,40,0,0,undergardendelight:218;forge:15;farmersdelight:5;undergarden:3;minecraft:2
valhelsia_core-forge-1.20.1-1.1.2.jar,valhelsia_core,Valhelsia Core,0.19,0.0,130,0,0,0,0,0,0,0,0,0,0,0,0,0,0,0,
villagespawnpoint-1.20.1-4.6.jar,villagespawnpoint,Village Spawn Point,0.03,0.0,24,0,0,0,0,0,0,0,0,0,0,0,0,0,0,0,
villagewalls-1.0.0.jar,villagewalls,Village Walls,0.03,0.0,20,1,4,0,0,0,0,0,0,0,0,0,0,0,0,0,villagewalls:5
wares-1.20.1-1.2.10.jar,wares,Wares,0.45,175.0,247,63,54,3,10,7,26,0,0,4,2,39,0,5,0,0,wares:115;minecraft:2
weather2-1.20.1-2.8.3.jar,weather2,Weather2,6.53,465.0,404,227,26,14,18,15,122,0,0,2,9,8,0,0,0,0,weather2:141;coroutil:110;minecraft:2
xlpackets-1.18.2-2.1.jar,xlpackets,XL Packets,0.0,0.0,8,0,0,0,0,0,0,0,0,0,0,0,0,0,0,0,
zombieawareness-1.20.1-1.13.1.jar,zombieawareness,Zombie Awareness,0.28,4.0,42,10,0,0,0,0,2,0,0,1,0,0,0,0,0,0,zombieawareness:10
